{
  "model": "Model B \u2014 MI vs STTC vs CD",
  "type": "3-class softmax",
  "bias_calibration": {
    "MI": 0.85,
    "STTC": 1.06,
    "CD": 0.96
  },
  "test_metrics": {
    "accuracy": 0.8015803336259877,
    "f1_macro": 0.7926335882245498,
    "f1_weighted": 0.8020678235132087,
    "precision_macro": 0.7896396912435405,
    "recall_macro": 0.796841278199888,
    "auc_macro": 0.9251325802172148,
    "f1_MI": 0.8239700374531835,
    "precision_MI": 0.8494208494208494,
    "recall_MI": 0.8,
    "auc_MI": 0.9089149560117302,
    "f1_STTC": 0.7933673469387755,
    "precision_STTC": 0.7660098522167488,
    "recall_STTC": 0.8227513227513228,
    "auc_STTC": 0.9263118008190282,
    "f1_CD": 0.7605633802816901,
    "precision_CD": 0.7534883720930232,
    "recall_CD": 0.7677725118483413,
    "auc_CD": 0.9401709838208858
  },
  "oof_metrics": {
    "accuracy": 0.8117647058823529,
    "f1_macro": 0.8044773145840439,
    "f1_weighted": 0.8122848009572,
    "precision_macro": 0.7982594618774616,
    "recall_macro": 0.8121479287608938,
    "auc_macro": 0.9311177028487512,
    "f1_MI": 0.8294062205466541,
    "precision_MI": 0.8551068883610451,
    "recall_MI": 0.8052053680357869,
    "auc_MI": 0.916542081503565,
    "f1_STTC": 0.8055633604945209,
    "precision_STTC": 0.7891549683457197,
    "recall_STTC": 0.8226685796269727,
    "auc_STTC": 0.929216523105619,
    "f1_CD": 0.7784623627109564,
    "precision_CD": 0.7505165289256198,
    "recall_CD": 0.808569838619922,
    "auc_CD": 0.9475945039370695
  }
}